vendoor_id,vendoor_url,shopify_product,shopify_colors
6054,https://aff.ven-door.com/product/6054,Women's high-waist leggings,Black & Tiger
6053,https://aff.ven-door.com/product/6053,Women's high-waist leggings,Tiger
6055,https://aff.ven-door.com/product/6055,Women's high-waist leggings,Black
6052,https://aff.ven-door.com/product/6052,Rosaline Wide-Leg Trousers,Navy | Grey | Beige | Brown | Burgundy
5745,https://aff.ven-door.com/product/5745,Kids' Jogger Pants,Black | White | Navy | Dark Gray | Mint Green | Burgundy | Beige | Baby Blue
5744,https://aff.ven-door.com/product/5744,Kids' Adidas Jogger Pants,Black | White | Navy | Dark Gray | Mint Green | Burgundy | Beige | Baby Blue
5741,https://aff.ven-door.com/product/5741,Men's Swim Shorts,Baby Blue
5742,https://aff.ven-door.com/product/5742,Men's Swim Shorts,Navy
5743,https://aff.ven-door.com/product/5743,Men's Swim Shorts,Blue
5734,https://aff.ven-door.com/product/5734,Kids' Gucci-Style Cotton Suit,Black
5732,https://aff.ven-door.com/product/5732,3-Piece Satin Lingerie Set,Black | White
5731,https://aff.ven-door.com/product/5731,Satin Sleepwear Set,Red | Cashmere | Mint Green
5730,https://aff.ven-door.com/product/5730,Silky Satin Two-Piece Set⠋,Black | Red | Navy | Simon | Cashmere | Mint Green
5728,https://aff.ven-door.com/product/5728,Kids' Nike Jogger Pants,Black | White | Navy | Dark Gray | Mint Green | Burgundy | Beige | Baby Blue
5724,https://aff.ven-door.com/product/5724,Tommy Casual Short,Black | White
6056,https://aff.ven-door.com/product/6056,Women's EVA Sneaker,Black | Gray | Navy | White with Black Accent | White with Gray Accent
6028,https://aff.ven-door.com/product/6028,Italia Jacquard Sublimation Tee,White
6027,https://aff.ven-door.com/product/6027,Suede Buckle Clog,Black | Olive | Beige | Petrol | Brown | Havana
6026,https://aff.ven-door.com/product/6026,Suede Wide-Strap Slipper,Black | Olive | Beige | Petrol | Brown | Havana
6024,https://aff.ven-door.com/product/6024,Men's Wide-Leg Pants,Black | Brown | Gray | White
6019,https://aff.ven-door.com/product/6019,ZARA Baggy Shorts _ Pack of 3,Pack of 3 shorts (Black - Beige - Olive)
6018,https://aff.ven-door.com/product/6018,ZARA Baggy Shorts _ Pack of 3,Pack of 3 shorts (Olive - Dark Gray - Light Gray)
6017,https://aff.ven-door.com/product/6017,Tartan Futsal Cleats,Black | Yellow | Orange
6041,https://aff.ven-door.com/product/6041,Suede Double-Strap Slipper,Black | Beige | Brown | Olive | Petrol | Havana
6014,https://aff.ven-door.com/product/6014,Floral Chiffon Short Night Dress,
6013,https://aff.ven-door.com/product/6013,Floral Chiffon Long Night Dress,
6011,https://aff.ven-door.com/product/6011,Tiger Print Cotton Bikini Set,
6012,https://aff.ven-door.com/product/6012,Cartoon Cotton Bikini Set,
6008,https://aff.ven-door.com/product/6008,I Will Always Choose You Necklace,
6007,https://aff.ven-door.com/product/6007,Gold Drop Necklace,Gold
5789,https://aff.ven-door.com/product/5789,Bolivar Unlimited Void Tee,Black | White | Burgandy
5802,https://aff.ven-door.com/product/5802,Men's Oversized Interlock Tee,Black | White
5788,https://aff.ven-door.com/product/5788,FEARLESS Racing Tee,Black | White
5769,https://aff.ven-door.com/product/5769,Men's Orthopedic Mesh Sneaker,White | Black | Navy
5771,https://aff.ven-door.com/product/5771,Kids' Tommy Jogger Pants,Black | White | Navy | Dark Gray | Mint Green | Burgundy | Beige | Baby Blue
5782,https://aff.ven-door.com/product/5782,Women's Floral Cotton Underwear – 6 Pack,Pack Of 6
5781,https://aff.ven-door.com/product/5781,Laser Bow Shorts – 6 Pack,Pack Of 6
5780,https://aff.ven-door.com/product/5780,Women's Soft Stretch Shorts – 6 Pack,Pack Of 6
5779,https://aff.ven-door.com/product/5779,Push-Up Bra Set – 3 Pack,Pack Of 3
5777,https://aff.ven-door.com/product/5777,Egypt Pharaonic Edition Kit,Black
5776,https://aff.ven-door.com/product/5776,Kids' Nike EVA Cartoon Slipper,AA | AB | AC | AD
5774,https://aff.ven-door.com/product/5774,Women's Nike Comfort Slipper,AA | AB | AC | AD
5974,https://aff.ven-door.com/product/5974,Men's Mesh Sneaker,Black | Gray | Brwon
5973,https://aff.ven-door.com/product/5973,Men's Black Sneaker,Black
5963,https://aff.ven-door.com/product/5963,Men's Trendy Lace-Up Sneaker,Black | White & Blue | White & Beige
5786,https://aff.ven-door.com/product/5786,Women's Satin Lace Nightgown,White
5785,https://aff.ven-door.com/product/5785,Women's Half-Sleeve Top,Black | White | Beige
5971,https://aff.ven-door.com/product/5971,Men's EVA Summer Sandal,White | Black & Gray | Olive | Brown
5989,https://aff.ven-door.com/product/5989,Men's Skechers Leather Slip-On,Coffee
5972,https://aff.ven-door.com/product/5972,Men's Off-White Transparent Slipper,White | Blue
5787,https://aff.ven-door.com/product/5787,Women's Long Sleeve Top,Black | White | Beige | Gray
5790,https://aff.ven-door.com/product/5790,BMW T-Shirt,White | Black
5801,https://aff.ven-door.com/product/5801,Tomie T-Shirt,Black | White | Pink
5800,https://aff.ven-door.com/product/5800,GOLDIE T-Shirt,Wihte | Black | Burgandy
5799,https://aff.ven-door.com/product/5799,DRAGON T-Shirt,Black | Wihte | Pink
5798,https://aff.ven-door.com/product/5798,COURAGEOUS T-Shirt,Black | Wihte | Burgandy
5797,https://aff.ven-door.com/product/5797,Cherry T-Shirt,White | Black | Pink
5796,https://aff.ven-door.com/product/5796,BLURRED T-Shirt,Black | Wihte | Burgandy
5793,https://aff.ven-door.com/product/5793,Master Shadow T-Shirt,Black | Wihte
5792,https://aff.ven-door.com/product/5792,Men's Skechers,Navy | Gray | Black
5936,https://aff.ven-door.com/product/5936,Men's EVA Slipper,White | Red | Blue | Yellow | Orange
5803,https://aff.ven-door.com/product/5803,Bolivar Oversized T-Shirt,Black | White | Pink | Burgandy
5812,https://aff.ven-door.com/product/5812,Men's Adidas Leather Sneaker,White | White & Black
5811,https://aff.ven-door.com/product/5811,Men's Skechers Leather & Denim Sneaker,Black | Beige | Gray
5810,https://aff.ven-door.com/product/5810,Men's Skechers Slip-On Sneaker,Black | Gray | Navy
5809,https://aff.ven-door.com/product/5809,Women's Nike Knit Sneaker,Black | White | Gray
5808,https://aff.ven-door.com/product/5808,Women's Adidas Casual Sneaker,Black | Gray | White
5807,https://aff.ven-door.com/product/5807,unisex Spiderman OversizedT-Shirt,White | Black
5806,https://aff.ven-door.com/product/5806,Skechers-Style Slip-On Sneaker,Black | Gray | Navy
5805,https://aff.ven-door.com/product/5805,Men's Leather Sandal,Black | Havan | Brown
5804,https://aff.ven-door.com/product/5804,Men's Soft Classic Trousers,Black | Olive | Gray
5986,https://aff.ven-door.com/product/5986,Women's Soft Laser Bra,Black | Red | Beige | Gray | Coffee | Cashmir
5976,https://aff.ven-door.com/product/5976,Men's Chunky Shose,Black | White | Beige | Gray | Navy | Brown | Black with White Accent
5975,https://aff.ven-door.com/product/5975,Women's Chunky Shose,Black | White | Beige | Gray | Navy | Brown | Black with White Accent
5984,https://aff.ven-door.com/product/5984,Women's Crochet Sandal,Black | Beige
5979,https://aff.ven-door.com/product/5979,ARC Men's Casual Slip-On Shoe,Black | Navy | Gray | Havan
5985,https://aff.ven-door.com/product/5985,Mo Salah Sublimation T-Shirt,Burgandy
5969,https://aff.ven-door.com/product/5969,Valentino Sports Slipper,Black | Green | Brown | Red
5968,https://aff.ven-door.com/product/5968,Nike Air Sports Slipper,Olive | Baby Blue | Black
5967,https://aff.ven-door.com/product/5967,Dior Slipper,Olive | White | Black | Gray
5966,https://aff.ven-door.com/product/5966,Nike Slipper,Navy | White | Black | Gray
5957,https://aff.ven-door.com/product/5957,Couples Holding Hands Necklace,
5840,https://aff.ven-door.com/product/5840,Men's Soft Classic Slim Trousers,Black | Beige | Navy | Silver | Firani | White
5839,https://aff.ven-door.com/product/5839,Men's Classic Trousers,Black | Beige | Navy | Silver | Firani
5830,https://aff.ven-door.com/product/5830,Women's V-Neck Dot Blouse,Mauve
5828,https://aff.ven-door.com/product/5828,Women's Red Striped Shirt,Red
5825,https://aff.ven-door.com/product/5825,Milano Cross Suede Slipper,Black | Beige | Gray | Navy | Brown | Havana
5824,https://aff.ven-door.com/product/5824,Real Madrid Set,White
5815,https://aff.ven-door.com/product/5815,Lacoste T-Shirt,Black | White | Red | Gray | Navy | Burgundy | Kashmir | Blue | Green
5814,https://aff.ven-door.com/product/5814,POLO T-Shirt,Black | White | Red | Gray | Navy | Burgundy | Kashmir | Blue | Green
5813,https://aff.ven-door.com/product/5813,GANT T-Shirt,Black | White | Red | Gray | Navy | Burgundy | Kashmir | Blue | Green
5847,https://aff.ven-door.com/product/5847,Hilfiger Cotton T-Shirt,Black | White
5845,https://aff.ven-door.com/product/5845,Women's Popcorn Ruffle Shirt,Mustard | Black | Burgundy | Pink | Red | Havana | Green | Baby Blue | Janazary | Mauve | Kashmir | Beige | Off White
5965,https://aff.ven-door.com/product/5965,ZARA Baggy Shorts _ Pack of 5,Pack of 4 shorts
5964,https://aff.ven-door.com/product/5964,New York Wide-Leg Pants,Navy | Gray
5962,https://aff.ven-door.com/product/5962,Men's Premium casual shoes,Black | Brown | Black with Leather Accent | Brown with Leather Accent
5958,https://aff.ven-door.com/product/5958,Women's Ring,Gold
5951,https://aff.ven-door.com/product/5951,Men's Leather Suede Sneaker,Black | Brawn | Havana
5939,https://aff.ven-door.com/product/5939,Sports Sneaker,Black | Gray | Brown
5938,https://aff.ven-door.com/product/5938,Men's Suede Elastic Sneaker,Black | Brown
5937,https://aff.ven-door.com/product/5937,Men's Suede Shoes,Black | Beige | Brown | Gray | Havana
1252,https://aff.ven-door.com/product/1252,Men's Suede Leather Ankle Boots,Black | Havan | Navy | Brown
1241,https://aff.ven-door.com/product/1241,Premium Natural Suede Shoes,Black | Brown | Havan | Navy | Gray
5838,https://aff.ven-door.com/product/5838,Men's High-Waist Classic Trousers,Black | White | Beige | Navy | Silver
5837,https://aff.ven-door.com/product/5837,Men's Belted Gabardine Trousers,Black | White | Beige | Navy | Brown
5836,https://aff.ven-door.com/product/5836,Men's Classic Gabardine,Black | Beige | Navy | Brown | Gray
5835,https://aff.ven-door.com/product/5835,Women's Dotted Blouse,Janazary | Green | Burgundy | Blue | Beige
5834,https://aff.ven-door.com/product/5834,Women's Popcorn Shirt,Burgundy | Havana | Petrol | Mauve | Baby Blue | Black | Kashmir
5833,https://aff.ven-door.com/product/5833,Women's Casual Sleeveless Shirt,Black | Navy
5832,https://aff.ven-door.com/product/5832,Women's Shirt,yellow
5956,https://aff.ven-door.com/product/5956,Women's Embroidered Reception Abaya,Dark Gray | Blue | Light Gray | Kashmir | Kiwi | Orange
5873,https://aff.ven-door.com/product/5873,Women's EVA Double-Buckle Slipper,Fuchsia | Pink | White | Black | Beige | Brown
5872,https://aff.ven-door.com/product/5872,Women's OK EVA Slipper,Fuchsia | Pink | White | Black | Beige | Brown
5889,https://aff.ven-door.com/product/5889,Lacoste Sneaker,Black | White | Beige | Gray | Camel | White with Black Mark
5885,https://aff.ven-door.com/product/5885,Hermes-Style Leather Slipper,Black | Olive | White | Orange
5880,https://aff.ven-door.com/product/5880,3D Teddy Bear EVA Slipper,Mauve | Pink | Green
5877,https://aff.ven-door.com/product/5877,3D Teddy Bear EVA Slipper,Brown | Baby Blue | Blue
5879,https://aff.ven-door.com/product/5879,3D Dinosaur EVA Slipper,Cocoa | Pink | Green
5875,https://aff.ven-door.com/product/5875,3D Dinosaur EVA Slipper,Mauve | Baby Blue | Blue
5870,https://aff.ven-door.com/product/5870,Al Ahly T-Shirt,Red
5959,https://aff.ven-door.com/product/5959,Men's Fleece Jogger Pants,Black | Brown | Gray | Shania
5915,https://aff.ven-door.com/product/5915,Women's Striped isdal,Off White | Dark Green | Kashmir | Mint Green | Blue | Mustarda
5914,https://aff.ven-door.com/product/5914,Women's Dantell isdal,Off White | Petrol | Dark Green | Black | Kashmir | Mint Green
5913,https://aff.ven-door.com/product/5913,Women's Linen Isdal,White
5911,https://aff.ven-door.com/product/5911,Men's Everyday Slip-On,Black | Beige | Navy | Gray | Brown
5906,https://aff.ven-door.com/product/5906,Men's New Balance,White | White & Black
5904,https://aff.ven-door.com/product/5904,Men's Straight Leg Pants,Black | White | Beige | Grey | Blue
5902,https://aff.ven-door.com/product/5902,Women's Suede Loafer Slipper,Black | Brown | Olive | Beige | Havana
5899,https://aff.ven-door.com/product/5899,Men's Leather Comfort Sneaker,Black | Beige | Navy | Gray
5898,https://aff.ven-door.com/product/5898,Men's Suede Shoes,Black | Beige | Navy
5897,https://aff.ven-door.com/product/5897,Men's Suede Slip-On Shoe,Black | Coffee | Brown
5313,https://aff.ven-door.com/product/5313,Skecher Boss Sneaker,Black
5952,https://aff.ven-door.com/product/5952,Women's  Clogs,Black | Olive | White | Fuchsia | Beige | Gray | Baby Blue | Navy | Blue | Dark Baby Blue | Aqua | Sand | Cashmere
5954,https://aff.ven-door.com/product/5954,women's Slipper Sport,Black | Gray | Blue
5953,https://aff.ven-door.com/product/5953,Men's Slipper Sport,Black | Gray | Blue
5955,https://aff.ven-door.com/product/5955,Women's Dantelle Lingerie Set,White
5942,https://aff.ven-door.com/product/5942,Men's Basic Cotton T-Shirt 2-Pack,Pack Of 2 piece
5941,https://aff.ven-door.com/product/5941,Zara Men's Cotton Shirt 3-Pack,pack Of 3 piece
5917,https://aff.ven-door.com/product/5917,Women's Cotton Panty – 6 Pack,Pack Of 6 Pieces
5916,https://aff.ven-door.com/product/5916,Women's Cotton Panty – 3 Pack,Pack Of 3 Pieces
5945,https://aff.ven-door.com/product/5945,Sport Long Sleeve Top Bundle,Bundle Of 2 Pieces
5944,https://aff.ven-door.com/product/5944,Sport Long Sleeve Top,Black | White
5949,https://aff.ven-door.com/product/5949,Seamless Plain Push-Up Bra,Pack Of 3 Color ( Black  - Burgundy - Coffe )
5950,https://aff.ven-door.com/product/5950,Seamless Plain Push-Up Bra,Pack Of 3 Color ( Red - Burgundy - Navy )
5948,https://aff.ven-door.com/product/5948,Seamless Push-Up Bra – 3 Pack,Pack Of 3 Color (Black  - Red - Mint)
5947,https://aff.ven-door.com/product/5947,Seamless Push-Up Bra – 3 Pack,Pack Of 3 Color (Beige - Cashmere - Burgandy)
5946,https://aff.ven-door.com/product/5946,Power Fit Sports Set,Black | Burgandy | Blue
5926,https://aff.ven-door.com/product/5926,Zamalek Hot Short Set,White
5925,https://aff.ven-door.com/product/5925,Alahly Hot Short Set,Red
5924,https://aff.ven-door.com/product/5924,Manchester City Hot Short Set,Baby Blue
5923,https://aff.ven-door.com/product/5923,Manchester Uninted Hot Short Set,Red
5921,https://aff.ven-door.com/product/5921,Real Madrid Hot Short Set,White
5922,https://aff.ven-door.com/product/5922,Real Madrid Hot Short Set,Purple
5920,https://aff.ven-door.com/product/5920,Barcelona Hot Short Set,Blue
5927,https://aff.ven-door.com/product/5927,Women's Cotton Panty Set – 3 Pack,Pack of 3 pieces
5928,https://aff.ven-door.com/product/5928,Women's Cotton Panty Set – 6 Pack,Pack of 6 pieces
5929,https://aff.ven-door.com/product/5929,Women's Cotton Panty Set – 10 Pack,Pack of 10 pieces
5930,https://aff.ven-door.com/product/5930,Men's Polo Shirt,Black | White | Gray
5932,https://aff.ven-door.com/product/5932,Men's Basic Cotton T-Shirt,White | Black | Baige
5933,https://aff.ven-door.com/product/5933,ZARA Girls’ Cotton Tee,White | Black | Baige
5934,https://aff.ven-door.com/product/5934,Men's Nike EVA Slides,Black | Gray
5070,https://aff.ven-door.com/product/5070,Lightweight Sketcher Sneakers,Black | Navy | Gray
4968,https://aff.ven-door.com/product/4968,Adidas Soccer Shoes – Predator Stars || Adidas Predator Football Boots,Blue | Red | Black | Gray
4830,https://aff.ven-door.com/product/4830,Ribbed Corduroy Pants for Men – Warm & Timeless || Men’s Corduroy Pants,Black | Beige | Olive | Gray | Olive Green
4999,https://aff.ven-door.com/product/4999,Kids’ EVA Clogs || EVA Bump Clogs Slippers,White | Black | Beige
5000,https://aff.ven-door.com/product/5000,Men’s Premium Slip-On Slippers || Pure Proton Slides,Black | Navy | Gray
5001,https://aff.ven-door.com/product/5001,Comfortable Men’s PU Slippers || Men’s Urban Slip-On Slippers,Black | Navy | Gray
5006,https://aff.ven-door.com/product/5006,Men’s Daily PU Slipper || Men’s Comfort Slippers,Black
4917,https://aff.ven-door.com/product/4917,Modern EVA Slippers || Comfort EVA Slipper,Black | Mouve | White | Pink | Beige | Muve
4899,https://aff.ven-door.com/product/4899,Lesh Casual Men’s Footwear || Lesh Men Shoes,Black | Bagie | Beige
5221,https://aff.ven-door.com/product/5221,Adidas Wide Leg Pants,Black | White | Blue | Olive
5841,https://aff.ven-door.com/product/5841,Women's Pajama Set – Top & Shorts,Pink | Cashmere | Blue | Mint Green
5848,https://aff.ven-door.com/product/5848,Boss Essential T-Shirt,Black | White
5455,https://aff.ven-door.com/product/5455,Men's Cross Slide Slipper,Black | Beige | Brown
5456,https://aff.ven-door.com/product/5456,Men's Slip-On Mule Sneaker,Black | Grey | Navy
5606,https://aff.ven-door.com/product/5606,Nike Air Sneaker,Olive | Gray
5643,https://aff.ven-door.com/product/5643,Calvin Klein Boxer Bundle,pack of 3 Pieces
5148,https://aff.ven-door.com/product/5148,Magic Expandable Duffle Bag || Waterproof Travel Bag,Black | Peach | Mauve | Baby Blue | Purple | Dark Gray | Navy | Salmon | Mouve | Mint Green | Gray
5088,https://aff.ven-door.com/product/5088,Men's Sport EVA Clogs,Black | Olive Green
5085,https://aff.ven-door.com/product/5085,Men's EVA Clogs,Black | Gray | Navy
5096,https://aff.ven-door.com/product/5096,Men's EVA Clogs,Black | Gray | Navy | Olive
5285,https://aff.ven-door.com/product/5285,Women's EVA Clogs with Jibbitz,Black | Fuchsia | Light Blue | Navy Blue | Cashmere | Dark Gray | Turquoise Blue
5559,https://aff.ven-door.com/product/5559,Kids' Platform EVA Clogs,White with Red | White with Watermelon | White with Green
5558,https://aff.ven-door.com/product/5558,Kids' EVA Clogs,White with Light Blue | White with Green | White with Watermelon | White with Lemon Yellow
5087,https://aff.ven-door.com/product/5087,ZR Men's Slide,Black | White | Gray
5452,https://aff.ven-door.com/product/5452,Women's Braided Platform EVA Slide || Braided Platform Sandal,White | Black | Baby Blue | Cashmere | Turquoise | Teal | Light Blue | Aqua
5089,https://aff.ven-door.com/product/5089,Adidas Men's Toe-Strap Slide,Black | Beige | Gray
5098,https://aff.ven-door.com/product/5098,Adidas Men's Toe-Strap Slide,Black | Gray
5086,https://aff.ven-door.com/product/5086,Adidas Men's Slide Sandal,White | Black | Dark Grey | Beige
5097,https://aff.ven-door.com/product/5097,Adidas Men's Slide Sandal,White | Black | Dark Grey
5114,https://aff.ven-door.com/product/5114,Men's Knit Sneaker,White | Black | Light Gray | Dark Gray
5207,https://aff.ven-door.com/product/5207,Bolivar Gravity T-Shirt,Black | White
5208,https://aff.ven-door.com/product/5208,Stylist Oversized T-Shirt,Black | Off White | Petrol
5209,https://aff.ven-door.com/product/5209,Adidas Tracksuit,Grey | Mint Green | Brown | Beige
5210,https://aff.ven-door.com/product/5210,Nike Tracksuit,Beige | Grey | Navy | Brown | Mint Green
4719,https://aff.ven-door.com/product/4719,Adidas Sport Sneaker,Black | Navy | Dark Grey | Silver | White
5320,https://aff.ven-door.com/product/5320,Lacoste Leather Sneaker,Black | White
5321,https://aff.ven-door.com/product/5321,Skechers Glide Step – Leather,Navy | Black | Grey | Brown | Beige
5322,https://aff.ven-door.com/product/5322,Boss EVA Running Sneaker,Black
5314,https://aff.ven-door.com/product/5314,Skechers Boss Strap Sneaker,Black
5315,https://aff.ven-door.com/product/5315,Hugo Boss Men's Sneaker,Black
1445,https://aff.ven-door.com/product/1445,Men's Suede Moccasin Loafer,Black | Navy | Brown | Havana
1446,https://aff.ven-door.com/product/1446,Men's Suede Moccasin Loafer,Black | Navy | Brown | Havana
5506,https://aff.ven-door.com/product/5506,Men's Perforated Suede Loafer,Havana | Brown | Black | Navy | Olive
5772,https://aff.ven-door.com/product/5772,Men's Leather Slide,Black | Brown | Beige | Grey
5396,https://aff.ven-door.com/product/5396,Minimal Steel Bracelet,Silver | Gold
5395,https://aff.ven-door.com/product/5395,Pure Stainless Steel Bracelet – Zipper Clasp,Silver | Gold
5720,https://aff.ven-door.com/product/5720,Hugo Boss Flat Sneaker,White | Black
5722,https://aff.ven-door.com/product/5722,Tommy Hilfiger Plain Sneaker,White
5723,https://aff.ven-door.com/product/5723,Tommy Hilfiger Flat Sneaker,White
4925,https://aff.ven-door.com/product/4925,Men's Striped Cotton Shirt,Black | White | Light Blue | Brick
5020,https://aff.ven-door.com/product/5020,Slub Denim Jeans – Raw Classic,Black | Navy
5420,https://aff.ven-door.com/product/5420,Men's Genuine Leather Sandal – Medical Sole,Brown | Havan | Black | Burgany
5037,https://aff.ven-door.com/product/5037,Satin Pajama Set – 2 Pieces,White
5422,https://aff.ven-door.com/product/5422,Men's Suede Summer Boot – Perforated,Black | Brown | Havana | Navy
5445,https://aff.ven-door.com/product/5445,Men's Everyday Leather Shoe,Black | Brown | Havan
5462,https://aff.ven-door.com/product/5462,Men's Brogue Oxford – Genuine Leather,Black | Brown | Havan
5465,https://aff.ven-door.com/product/5465,Men's Chain-Strap Leather Loafer || Men’s Genuine Leather Shoes,Black | Brown | Havan
5464,https://aff.ven-door.com/product/5464,Men's Classic Loafer || Men’s Classic Genuine Leather Shoes,Black | Brown | Havan
5476,https://aff.ven-door.com/product/5476,Skechers Slip-On Sneaker – EVA Sole,Black | Gray | Navy
5470,https://aff.ven-door.com/product/5470,Tamima Gulf Leather Slipper || Tamima Genuine Gulf Leather Slippers,Black | Brwon | Havan | Brown | Havana
5443,https://aff.ven-door.com/product/5443,Gulf Leather Slipper – Medical Sole,Black | Brown | Beige | Camel | Navy | Havana
5281,https://aff.ven-door.com/product/5281,Crush Kids T-Shirt,White | Petrol | Beige | Grey | Burgundy | Havana
5279,https://aff.ven-door.com/product/5279,Adventure Kids T-Shirt,White | Petrol | Beige | Grey | Burgundy | Havana
5059,https://aff.ven-door.com/product/5059,Men's Premium Leather Slipper,Black | Brawn | Gamel | Gray
5060,https://aff.ven-door.com/product/5060,Men's Sandal,Black | Brown | Olive
5061,https://aff.ven-door.com/product/5061,Boys' Sandal,Red | Blue | Black | Brown | Gamal
5134,https://aff.ven-door.com/product/5134,Gucci Men's Leather Slipper,Black
5135,https://aff.ven-door.com/product/5135,Versace Men's Leather Slipper,White | Black
5195,https://aff.ven-door.com/product/5195,Queen Abaya,White | Black | Burgany
4954,https://aff.ven-door.com/product/4954,Nike Zoom Sneaker,Black | Gray | Navy
5038,https://aff.ven-door.com/product/5038,Women's Satin Set,Cashmere
4926,https://aff.ven-door.com/product/4926,Tommy Summer Polo Shirt,White | Red | Genzari | Blue | Black | Petrol | Light Grey | Navy | Cashmere | Burgundy
4849,https://aff.ven-door.com/product/4849,Tommy Summer Polo Shirt,Genzari | Black | Light Grey | Navy | Burgundy | Turquoise
5652,https://aff.ven-door.com/product/5652,Air Jordan 100% Cotton Short,Black | White | Gray
4924,https://aff.ven-door.com/product/4924,Adidas Sport Sneaker,White | Black | Gray
4927,https://aff.ven-door.com/product/4927,Nike Casual Sneaker,White | Black | Navy
4912,https://aff.ven-door.com/product/4912,Donga Leather Shoes,Black | Camel | Brown | Grey
4887,https://aff.ven-door.com/product/4887,Zara Basic Half-Sleeve T-Shirt – Unisex,Black | White
2530,https://aff.ven-door.com/product/2530,Calvin Klein T-Shirt,White | Red | Black | Yellow | Olive | Navy
2529,https://aff.ven-door.com/product/2529,under armour T-Shirt,White | Red | Black | Yellow | Olive | Navy
2528,https://aff.ven-door.com/product/2528,Nike T-Shirt,White | Red | Black | Yellow | Olive | Navy
5408,https://aff.ven-door.com/product/5408,On Cloud T-Shirt || On Cloud Unisex T-Shirt,White | Red | Black | Yellow | Olive | Navy
2527,https://aff.ven-door.com/product/2527,Adidas T-Shirt,White | Red | Black | Yellow | Olive | Navy
3192,https://aff.ven-door.com/product/3192,Puma Imported Jogger,White | Blue | Black | Petrol | Pepsi | Beige | Dark Grey | Light Grey | Olive | Silver | Navy | Mint Green
3193,https://aff.ven-door.com/product/3193,Puma Imported Jogger,White | Blue | Black | Petrol | Pepsi | Beige | Dark Grey | Light Grey | Olive | Silver | Navy | Mint Green
3169,https://aff.ven-door.com/product/3169,Imported Scuba Pants,White | Blue | Black | Petrol | Dark Grey | Light Grey | Grey | Olive | Navy | Mint
3149,https://aff.ven-door.com/product/3149,Nike Imported Jogger,White | Blue | Black | Petrol | Dark Grey | Light Grey | Grey | Olive | Navy | Mint
3148,https://aff.ven-door.com/product/3148,Nike Imported Jogger,White | Blue | Black | Petrol | Dark Grey | Light Grey | Grey | Olive | Navy | Mint
2526,https://aff.ven-door.com/product/2526,Jordan T-Shirt,White | Red | Black | Yellow | Olive | Navy
1923,https://aff.ven-door.com/product/1923,Jordan Sherwal,Blue | Petrol | Light Grey | Firani
5287,https://aff.ven-door.com/product/5287,Linen Summer Dress,White | Beige | Olive Green
5288,https://aff.ven-door.com/product/5288,Men's Summer Set,Biege | Navy
5290,https://aff.ven-door.com/product/5290,Men's Linen Suit || Women's Linen Suit,White | Beige | Olive Green
5655,https://aff.ven-door.com/product/5655,Camp Collar Summer Shirt,White
5083,https://aff.ven-door.com/product/5083,Sherwal Jeans,Black | Navy | Baby Blue
5082,https://aff.ven-door.com/product/5082,Cargo Denim Jogger,Black | Gray | Navy | Baby Blue
4951,https://aff.ven-door.com/product/4951,Regular Fit Jeans,Blue | Black | Dark Gray | Navy | Baby blue
5310,https://aff.ven-door.com/product/5310,Forest Lace Runner,White | Green | Black
5309,https://aff.ven-door.com/product/5309,Forest Dial Runner,Black | White | Gray
5308,https://aff.ven-door.com/product/5308,EVA Runner Sneaker,White | Green | Black | Off White | Pink
5460,https://aff.ven-door.com/product/5460,Tiffany Set,Gold
5204,https://aff.ven-door.com/product/5204,Twist Bangle,Gold | Silver
5203,https://aff.ven-door.com/product/5203,Bint Abuha Arabic Necklace,Cold
5162,https://aff.ven-door.com/product/5162,Nomination Style Bracelet,Silver | Gold
5158,https://aff.ven-door.com/product/5158,Van Cleef Rose Bracelet,Gold | White | Black
5051,https://aff.ven-door.com/product/5051,Lazurde Minimal Bracelet,Gold
5050,https://aff.ven-door.com/product/5050,Lazurde Minimal Ring,Gold
4976,https://aff.ven-door.com/product/4976,EVA Crocs,Black | White | Pink
4975,https://aff.ven-door.com/product/4975,EVA Crocs,Black | White | Pink
5139,https://aff.ven-door.com/product/5139,Prada Metal Detail Leather Slipper,Black | Beige | Brown | Gray | Havana
3770,https://aff.ven-door.com/product/3770,Men's Genuine Leather Slipper – Prada Style,Black | Brown | Havana | Gray | Beige
5451,https://aff.ven-door.com/product/5451,Spanish Linen Trousers,Black | Off White | Brown | Navy | Olive
5436,https://aff.ven-door.com/product/5436,Nike Sneaker,Black | Beige | Gray | Black Denim
5432,https://aff.ven-door.com/product/5432,H Polo T-Shirt – Pique Cotton,Black | Beige | Blue | Light Grey | Dark Grey
5406,https://aff.ven-door.com/product/5406,Ocean Print Wide-Leg Pants,White
5367,https://aff.ven-door.com/product/5367,On Cloud Jogger Pants,Black | Olive | White | Beige | Navy | Blue | Light Gray | Mint Green | Dark Gray
5369,https://aff.ven-door.com/product/5369,On Cloud Jogger Pants,Black | Olive | White | Beige | Navy | Blue | Light Gray | Mint Green | Dark Gray
5343,https://aff.ven-door.com/product/5343,Nike Sneaker Sport,Gray | Black | White
5716,https://aff.ven-door.com/product/5716,Dotty Set – Cotton T-Shirt & Shorts,White
5715,https://aff.ven-door.com/product/5715,Hugo Kids Tracksuit,Beige
5717,https://aff.ven-door.com/product/5717,Wide Leg Cargo Pants,Black | Gray | Olive Green
5330,https://aff.ven-door.com/product/5330,New Balance Women's Casual Sneaker,Turquoise | Red | Black | Blue | White | Green | White/Black | Purple | Gray | Pink
5326,https://aff.ven-door.com/product/5326,Men's Skechers Everyday Sneaker,Black | Beige | Gray | Navy
5325,https://aff.ven-door.com/product/5325,Women's Skechers Everyday Sneaker,Black | Beige | Gray | Navy
5324,https://aff.ven-door.com/product/5324,Nike Mesh Sneaker,Gray
5323,https://aff.ven-door.com/product/5323,Mesh Leather Sneaker,Gray
5145,https://aff.ven-door.com/product/5145,Hermes H-Design Leather Slipper,Black | Brown | White
5142,https://aff.ven-door.com/product/5142,Zara Leather Slipper,Black | Brown
5141,https://aff.ven-door.com/product/5141,Classic Leather Comfort Shoe,Black | Brown | White
4929,https://aff.ven-door.com/product/4929,Donga Leather Shoes,Gray | Black | Brown | Camel
4931,https://aff.ven-door.com/product/4931,Genuine Leather Donga Shoes,Gray | Black | Brown | Camel
5407,https://aff.ven-door.com/product/5407,Real Madrid Half-Zip & Shorts Set,Black | White
4267,https://aff.ven-door.com/product/4267,Ghazala Pajama Set,Black
3607,https://aff.ven-door.com/product/3607,Sleepy Eyes Pajama Set,Black
4268,https://aff.ven-door.com/product/4268,I Hate Mornings Pajama Set,Black
4269,https://aff.ven-door.com/product/4269,Cat Print Pajama Set,Cat
5676,https://aff.ven-door.com/product/5676,Classic Shorts,Black | Off White
5677,https://aff.ven-door.com/product/5677,Joker Wide Leg Pants,Black
5675,https://aff.ven-door.com/product/5675,Bow Print Pajama Set,Black | Red
5529,https://aff.ven-door.com/product/5529,Cow Print Pajama Set || Cow Pajama Set,Black
5530,https://aff.ven-door.com/product/5530,Panda Print Pajama Set || Panda Pajama Set,Pink | PINK
5607,https://aff.ven-door.com/product/5607,Nike Classic Sneakers,Black | Off White | Gray | Off White with Sky Blue
5569,https://aff.ven-door.com/product/5569,Adidas Sneakers,Gold | Black/White
4969,https://aff.ven-door.com/product/4969,Adidas Tartan Football,Black | Red | Blue | Gray
5605,https://aff.ven-door.com/product/5605,Adidas Sneakers,Black | Off White
4916,https://aff.ven-door.com/product/4916,BOSS Sneakers,Black | Beige
4915,https://aff.ven-door.com/product/4915,Classic Leather Slipper,Black | Camel | Beige | Coffee | Khaki | Gray
5023,https://aff.ven-door.com/product/5023,Basic Top Cut T-Shirt,Black | White
5062,https://aff.ven-door.com/product/5062,Classic Gabardine Pants,Black | Gray | Beige
5312,https://aff.ven-door.com/product/5312,Burberry Printed T-Shirt,Black | White
5259,https://aff.ven-door.com/product/5259,Loewe Printed T-Shirt,Black | White
5653,https://aff.ven-door.com/product/5653,on Cloud Set,Black | White
5260,https://aff.ven-door.com/product/5260,Polo Bear Casual T-Shirt,White | Black
5426,https://aff.ven-door.com/product/5426,AJEKKE Platform Sneakers,Black | White
5258,https://aff.ven-door.com/product/5258,LV Oversized Tracksuit,Black | White
5338,https://aff.ven-door.com/product/5338,Puma Women's Sneakers,Black | Beige
5425,https://aff.ven-door.com/product/5425,Men's Casual Sneakers,Black | White
5257,https://aff.ven-door.com/product/5257,Nike Tek Sweatpants – 100% Cotton,Gray | Black
4190,https://aff.ven-door.com/product/4190,Casual Soft Pants,Black | Beige | Silver
5305,https://aff.ven-door.com/product/5305,Casual Soft Pants,Black | Beige | Silver
5337,https://aff.ven-door.com/product/5337,Women's Comfort Sneakers,Gray | Navy
5418,https://aff.ven-door.com/product/5418,Cross Strap Sandals,Gray | Brown
5298,https://aff.ven-door.com/product/5298,Men's Zip Polo Set,Black | White | Gray | Blue
5335,https://aff.ven-door.com/product/5335,Nike Women's Sneakers,Black | Gray | Beige
5409,https://aff.ven-door.com/product/5409,On Cloud Sport Set,Black | Olive | White | Red | Navy | Yellow
5410,https://aff.ven-door.com/product/5410,On Cloud Sport Set,Black | Olive | White | Red | Navy | Yellow
5419,https://aff.ven-door.com/product/5419,On Cloud Sport Set || Half Boot Genuine Leather 100%,Olive | أسود | بني | هافان
5433,https://aff.ven-door.com/product/5433,Women's Dot Suit,Black | White
5307,https://aff.ven-door.com/product/5307,Sport Women's Sneakers,Pink | Green | Off White | Black | White
5486,https://aff.ven-door.com/product/5486,Barcelona Men's Set,White
5306,https://aff.ven-door.com/product/5306,Women's Sport Runner,Pink | Green | Off White | Black | Purple
5427,https://aff.ven-door.com/product/5427,Spider Women's Set,Red | Pink
5428,https://aff.ven-door.com/product/5428,Argentina Women's Set,Baby Blue
5429,https://aff.ven-door.com/product/5429,Portugal Women's Set,Red
5485,https://aff.ven-door.com/product/5485,Oversized T-Shirt,Black | White
5572,https://aff.ven-door.com/product/5572,Bow Pajama Set,Baby Blue
5573,https://aff.ven-door.com/product/5573,Bunny Pajama Set,Baby Blue
4890,https://aff.ven-door.com/product/4890,5-Piece Satin Pajama Set,Burgundy | Olive | Pink | White.
5533,https://aff.ven-door.com/product/5533,Alexander Sneakers,Black | White | White With Black | Black With White | White With Gray
5457,https://aff.ven-door.com/product/5457,Gold Jewelry Set,Gold
5458,https://aff.ven-door.com/product/5458,Tiffany Gold Bracelet,Gold
5459,https://aff.ven-door.com/product/5459,Tiffany Gold Necklace,Gold
5211,https://aff.ven-door.com/product/5211,Premium Cotton Short,Blue | Beige | White | Gray | Mint Green | Black
5229,https://aff.ven-door.com/product/5229,Unisex Soft  Slipper,Black | Mango | Gray | Pistachio
5233,https://aff.ven-door.com/product/5233,Everyday Flex Men’s EVA Clogs,Black | Brown | Navy
5151,https://aff.ven-door.com/product/5151,Unisex Ayat Al-Kursi Bracelet,Black | Gold | Selver
5116,https://aff.ven-door.com/product/5116,Converse Tom & Jerry Kids,Black | Jeans | White | Gray | Beige
5113,https://aff.ven-door.com/product/5113,Comfortable Knitted Shoes,Black | White | Gray
4932,https://aff.ven-door.com/product/4932,Tommy Men’s Premium Leather Shoes,Beige
4928,https://aff.ven-door.com/product/4928,Lightweight Breathable Knitted Sneakers,White | Black | Jeans
5004,https://aff.ven-door.com/product/5004,Kids Comfort Daily Slippers,Black
4988,https://aff.ven-door.com/product/4988,Comfy Clogs,White | Black | Pink
4919,https://aff.ven-door.com/product/4919,Nike React X EVA Slides (Unisex) || Nike React Women’s EVA Slippers,White | Black | Beige
4918,https://aff.ven-door.com/product/4918,Nike React EVA Men’s Slippers,White | Black | Beige
4920,https://aff.ven-door.com/product/4920,Donga Leather Shoes – 100% Natural Leather,Black | Grey | Havana | Brown
4900,https://aff.ven-door.com/product/4900,New Balance Everyday Sneakers for Men,Black | White X Gray
5274,https://aff.ven-door.com/product/5274,Urban Comfort Slide,Black | Brown | Havana
5278,https://aff.ven-door.com/product/5278,Spanish Linen Shirt,Black | White | Olive | Beige | Light Blue | Brown | Havana | Olive Green | Teal
5296,https://aff.ven-door.com/product/5296,Unisex Checkered Pants,White | Red | Biege
5163,https://aff.ven-door.com/product/5163,Twisted Elegance Bracelet,Silver | Gold
5251,https://aff.ven-door.com/product/5251,Premium Leather Slipper,Black | Beige | Gray | Brown | Camel | khaki
5252,https://aff.ven-door.com/product/5252,unisex Premium Clogs,Black | Beige | Gray | Brown | Camel | Taupe
5272,https://aff.ven-door.com/product/5272,Everyday Polo T-Shirt,Black | White | Navy | Brwon
5289,https://aff.ven-door.com/product/5289,Polo Bear T-Shirt,Black | White
5283,https://aff.ven-door.com/product/5283,Snoopy Kids T-Shirt,Black | White | Beige | Grey | Burgundy | Petrol Blue | Havana Brown
5282,https://aff.ven-door.com/product/5282,Hero Squad Kids T-Shirt,Black | White | Beige | Grey | Burgundy | Petrol Blue | Havana Brown
5280,https://aff.ven-door.com/product/5280,Beach Mood Kids T-Shirt,Black | White | Beige | Grey | Burgundy | Petrol Blue | Havana Brown
4910,https://aff.ven-door.com/product/4910,Cotton Oxford Shirt,White | Black | Navy | Burgundy | Light Blue | Dark  Baby Blue | Terracotta | Mint Green | Camel | Light Grey
4979,https://aff.ven-door.com/product/4979,Cross Strap Slippers,Brown | Black | Beige
5025,https://aff.ven-door.com/product/5025,Elegant Black Swan Necklace,Black
5026,https://aff.ven-door.com/product/5026,Gold Starfish Necklace,Gold
5034,https://aff.ven-door.com/product/5034,Minimal Gold Necklace,Gold
5024,https://aff.ven-door.com/product/5024,Love Message Necklace,Gold
5052,https://aff.ven-door.com/product/5052,Lazurde Gold Necklace,Gold
5044,https://aff.ven-door.com/product/5044,Comfort Elastic Slipper,Black
5045,https://aff.ven-door.com/product/5045,Premium Casual Sandal,Brown
5047,https://aff.ven-door.com/product/5047,Skechers Slip-On,Black | Gray | Navy | Brown
5053,https://aff.ven-door.com/product/5053,Casual Baggy Shorts,Black | Navy | Dark Gray | Light Grey
5056,https://aff.ven-door.com/product/5056,Oversized Shirt & Shorts Set,Black | Beige | Gray | Burgandy | Navy
5075,https://aff.ven-door.com/product/5075,Armani Lightweight EVA Shoes,Olive×Black | Navy×Black | Black×Black | Gray×Black
5095,https://aff.ven-door.com/product/5095,Zara Lesh Shoes,Black | Olive | Navy | Light Blue Denim | Dark Blue Denim | Black Denim | Olive Stars | Navy Stars | Off White
5105,https://aff.ven-door.com/product/5105,Classic Reglan T-Shirt,Olive Green | Brwon | Black
5106,https://aff.ven-door.com/product/5106,Casual Wide Leg Pants,Black | Gray
5107,https://aff.ven-door.com/product/5107,Adidas Motion T-Shirt,Black | Gray | Blue
5108,https://aff.ven-door.com/product/5108,ZARA-Inspired Cotton Jacquard Summer Suit,Black | White | Yellow
5094,https://aff.ven-door.com/product/5094,Lazorde Gold Set,Gold
5099,https://aff.ven-door.com/product/5099,U.S. Polo T-Shirt,Black | White
4971,https://aff.ven-door.com/product/4971,Adidas Mundial Sport Shoes,Black with Gold | Black with White | Red
4972,https://aff.ven-door.com/product/4972,Adidas Predator Shoes,Black | Blue | Red
4970,https://aff.ven-door.com/product/4970,Adidas Mundial Shoes,Black | Red | Blue
4735,https://aff.ven-door.com/product/4735,Lacoste Men Sneakers,Black | Grey & Black | White & Beige
5185,https://aff.ven-door.com/product/5185,Nike Adversary Casual Shoes,White | White with Black Logo | Black with White Logo
4720,https://aff.ven-door.com/product/4720,Boss EVA Shoes,White | Black | Silver | Jeans | Navy
4718,https://aff.ven-door.com/product/4718,Nike Sport Shoes,White | Black | Silver | Blue Denim
4717,https://aff.ven-door.com/product/4717,Casual Sport Shoes,Black | Blue Denim | Silver | White
5491,https://aff.ven-door.com/product/5491,Suede Slides,Navy | Brown | Black | Grey | Havana | Beige
4770,https://aff.ven-door.com/product/4770,Comfort Sport Sneakers,White | Black | Gray
4769,https://aff.ven-door.com/product/4769,Sport Sneakers,White | Black | Olive Green
5184,https://aff.ven-door.com/product/5184,Nike Air Force Sneakers,Beige | Black
5342,https://aff.ven-door.com/product/5342,Adidas Running,White with Blue accents | White with Green accents | Black
4816,https://aff.ven-door.com/product/4816,Adidas Clog Slides,Biege | Khaki | Black
4815,https://aff.ven-door.com/product/4815,Clog Slides,Black | Beige | Havan | Olive Green
4813,https://aff.ven-door.com/product/4813,Adidas Sneakers,White with White Stripes | White with Red Stripes | White with Pink Stripes | White with Green Stripes | Mint Green with Blue Stripes | Grey | Black | Pepsi
4811,https://aff.ven-door.com/product/4811,Alexander McQueen Sneakers,White with Black | White with Grey | Black with Grey | White with Gold | Black with Gold
4950,https://aff.ven-door.com/product/4950,Boss Shoes,Black
4845,https://aff.ven-door.com/product/4845,Hearts Necklace,Black | White
4844,https://aff.ven-door.com/product/4844,Adidas Kids Pants,Black | Navy | Dark Gray
4841,https://aff.ven-door.com/product/4841,Adidas EVA Shoes,Black | White | Navy
4840,https://aff.ven-door.com/product/4840,On Cloud Sneakers,Navy | Black | Beige | White
4848,https://aff.ven-door.com/product/4848,Shell Hearts Bracelet,Black | White
4847,https://aff.ven-door.com/product/4847,Lover Dream Bracelet,Gold
4846,https://aff.ven-door.com/product/4846,Butterfly Pearl Necklace,White | Black
4850,https://aff.ven-door.com/product/4850,Men’s Leather Sabot Slipper,Black | Grey | Mango | Beige | Brown | Sand
4851,https://aff.ven-door.com/product/4851,Skechers EVA Shoes,Grey | Beige | Navy
4852,https://aff.ven-door.com/product/4852,Gucci Shoes,Black
4854,https://aff.ven-door.com/product/4854,Adidas Imported Jogger Pants,Black | Olive | White | Beige | Navy | Blue | Petrol | Light Grey | Silver | Mint Green | Pepsi | Dark Grey
4855,https://aff.ven-door.com/product/4855,Adidas Imported Jogger Pants,Black | Olive | White | Beige | Navy | Blue | Petrol | Light Grey | Silver | Mint Green | Pepsi | Dark Grey
4866,https://aff.ven-door.com/product/4866,Safari Long Sleeve Basic T-Shirt,Black | White
5273,https://aff.ven-door.com/product/5273,ZARA Baggy Shorts,Black | Olive | Beige | Dark Grey | Light Grey
4886,https://aff.ven-door.com/product/4886,Casual Sneakers,Cashmere | Mauve | Baby Blue | Green
4889,https://aff.ven-door.com/product/4889,Polo EVA Sneakers,Black
4896,https://aff.ven-door.com/product/4896,Skecher Slip-On Men Shoes,Black | Navy | Gray
4914,https://aff.ven-door.com/product/4914,Brazil Bolivar T-Shirt,Olive Green | White | Black
4913,https://aff.ven-door.com/product/4913,Donga Suede Leather Shoes,Black | Camel | Brown | Grey
4911,https://aff.ven-door.com/product/4911,Donga Genuine Leather Shoes,Black | Camel | Brown | Grey
4945,https://aff.ven-door.com/product/4945,HOKA Style Sneakers,Black | Navy | Gray
4946,https://aff.ven-door.com/product/4946,Comfort EVA Casual Sneakers,Black | Gray | Navy
4908,https://aff.ven-door.com/product/4908,ColorX Imported Sneakers,Baby Blue | Off White | Black
4953,https://aff.ven-door.com/product/4953,Cow Print Casual Sneakers,Black | Brown | Havana
4906,https://aff.ven-door.com/product/4906,Modern Trend Sneakers,Black | Gray | Beige
4904,https://aff.ven-door.com/product/4904,Trendy Casual Sneakers,White | Black | Pink
4903,https://aff.ven-door.com/product/4903,Gold Bar Necklace,Gold
4902,https://aff.ven-door.com/product/4902,EVA Skechers Sneakers,Black | Navy | Beige | Brown | Grey
4955,https://aff.ven-door.com/product/4955,Chunky Derby Leather Shoes,Black | Brown
4956,https://aff.ven-door.com/product/4956,Kids Samba Sneakers,Black | White | pink | Green
4973,https://aff.ven-door.com/product/4973,Nike Casual Sneakers,Black | White | Blue
4957,https://aff.ven-door.com/product/4957,Nike Air Spider Sneakers,Black | White | Gray
4977,https://aff.ven-door.com/product/4977,Waffle Cotton T-Shirt,Black | White | Navy | Coffee | Olive | Mint Green | Silver
4958,https://aff.ven-door.com/product/4958,Nike Fly FU1 Women Sneakers,Black | White | Gray | pink
4978,https://aff.ven-door.com/product/4978,EVA Casual Sneakers,Light Olive | Dark Olive | Black | Denim Blue | Grey | Black with Grey
4980,https://aff.ven-door.com/product/4980,Suede Toe Strap Slides,Black | Brown | Beige
4959,https://aff.ven-door.com/product/4959,Lightweight Breathable EVA Sneakers,Black | White | Gray
4981,https://aff.ven-door.com/product/4981,Metal Buckle Suede Slides,Black | Brown | Beige
4984,https://aff.ven-door.com/product/4984,Kids EVA Crocs,Black | White | Pink
4985,https://aff.ven-door.com/product/4985,X Leather Slides,Black | Havan | Brown
4986,https://aff.ven-door.com/product/4986,Hermes Leather Slides,Black | Brown | Havan
4987,https://aff.ven-door.com/product/4987,Leather EVA Slides,Black | Black Burnished | Havana | Brown
4961,https://aff.ven-door.com/product/4961,Cargo Wide Leg Pants,Black | Gray | Olive Green
4962,https://aff.ven-door.com/product/4962,Alo Casual Set – Premium Waves Fabric,Dark gray | Gray | Coffee | Light Gray
4989,https://aff.ven-door.com/product/4989,Skechers Kan Lightweight Sneakers,Black | Beige | Grey | Navy
4990,https://aff.ven-door.com/product/4990,Modern Casual Sneakers,Silver with Navy | Navy with Silver | Black with Silver | Black with White | Black with Beige | White with Black
4963,https://aff.ven-door.com/product/4963,Travel Graphic Tee,Black | White
4991,https://aff.ven-door.com/product/4991,Adidas Crocodile Stars,Red | Gray | Blue
4992,https://aff.ven-door.com/product/4992,Adidas Crocodile Tertan,Red | Gray | Blue
4965,https://aff.ven-door.com/product/4965,Adidas Sweatpants,Black | Silver
4993,https://aff.ven-door.com/product/4993,Adidas Crocodile Sneakers,Red | Gray | Blue
4966,https://aff.ven-door.com/product/4966,ANG Oversized Polivar T-Shirt,Black | white
4994,https://aff.ven-door.com/product/4994,Nike Tempo Stars,Black | White
4995,https://aff.ven-door.com/product/4995,Nike Tempo Tertan,Black | White
4967,https://aff.ven-door.com/product/4967,Premium Leather Slides,Black | Brown | Sand | Gray
4996,https://aff.ven-door.com/product/4996,Tempo Sport Sneakers,Black | White
4997,https://aff.ven-door.com/product/4997,Woody Toe Strap Slides,Black | Brown | Desert Beige
4998,https://aff.ven-door.com/product/4998,Woody Double Strap Slides,Black | Brown | Desert Beige
5002,https://aff.ven-door.com/product/5002,Women’s EVA Heel Slippers,Beige | Pink | Mauve | Black | White
5008,https://aff.ven-door.com/product/5008,Men’s 4 Buckle Leather Slippers,Black | Gray | Brown | Camel
5009,https://aff.ven-door.com/product/5009,Men’s Wide Strap Leather Slippers,Brown
5010,https://aff.ven-door.com/product/5010,Comfort Leather Slippers Men,Camel
5011,https://aff.ven-door.com/product/5011,Men’s Suede Leather Slippers,Camel
5012,https://aff.ven-door.com/product/5012,Men’s Premium Leather Slippers,Camel
5013,https://aff.ven-door.com/product/5013,Men’s Leather Slippers,Black | Camel | Brown
5014,https://aff.ven-door.com/product/5014,Boys Sandals,Black
5015,https://aff.ven-door.com/product/5015,Mary Jane Samba Sneakers,Black | White | Navy
5016,https://aff.ven-door.com/product/5016,Skechers Men’s Shoes,Black
5896,https://aff.ven-door.com/product/5896,Flow Premium T-Shirt,Black | White
5028,https://aff.ven-door.com/product/5028,Loewe Premium T-Shirt,Black | White
5816,https://aff.ven-door.com/product/5816,Polo Oversized T-Shirt,Black | White
5022,https://aff.ven-door.com/product/5022,On Cloud Suit – Premium Interlock Set,Black | Navy | Olive Green
5188,https://aff.ven-door.com/product/5188,Classic Leather Shoes,Black | Brown
5132,https://aff.ven-door.com/product/5132,Premium Comfort Footwear,Black | Brown
4708,https://aff.ven-door.com/product/4708,Dining Table Runner Set,Red | White × Baby Blue | Black | White × Gold
5402,https://aff.ven-door.com/product/5402,Men’s Classic Soft Pants,Black | Beige | Navy
4756,https://aff.ven-door.com/product/4756,Adidas Samba,Black with Black Stripes | Black with Silver Stripes | Brown with White Stripes | Navy with White Stripes | Dark Grey with Black Stripes
5220,https://aff.ven-door.com/product/5220,Lacoste Cotton Shirt,White | Black | Navy | Baby Blue
1418,https://aff.ven-door.com/product/1418,M10 True Fit Men’s Leather Shoes,اسود | كحلي | هافان | رمادي
5479,https://aff.ven-door.com/product/5479,Men’s Genuine Crushed Leather Half Boots,Black | Brown | Havan
5224,https://aff.ven-door.com/product/5224,KEENSK Men’s EVA Slippers,Black | Bagie | White | Yellow | Red | Blue
3175,https://aff.ven-door.com/product/3175,Comfort Sneakers,اسود | ابيض | رمادي | ابيضXرمادي
5484,https://aff.ven-door.com/product/5484,Men’s Elastic Leather Half Boot,Black | Brown | Havan
5483,https://aff.ven-door.com/product/5483,Men’s Slip-On Leather Half Boot,Black | Brown | Havan
5583,https://aff.ven-door.com/product/5583,Tommy Hilfiger Men Boxer Shorts Set,Pack Of 3 Trunks
5146,https://aff.ven-door.com/product/5146,Protan Comfort Slippers,Black | Brown | White | Black suede | Brown suede
5144,https://aff.ven-door.com/product/5144,Men’s Protan H Slide,Black | Brown | White
5143,https://aff.ven-door.com/product/5143,Men’s Comfort Buckle Sandal,Black | Brown | White
5140,https://aff.ven-door.com/product/5140,Genuine Leather Men’s Medical Slippers,Black | Brown
5165,https://aff.ven-door.com/product/5165,Stainless Steel Knot Bracelet,Gold
5164,https://aff.ven-door.com/product/5164,Minimal Bamboo Steel Bracelet,Gold
5331,https://aff.ven-door.com/product/5331,Nike Lightweight Daily Sneakers,White × Blue | White × Black
5168,https://aff.ven-door.com/product/5168,Flat Snake Chain Steel Bracelet,Gold | Silver
4947,https://aff.ven-door.com/product/4947,FA Leather Sneakers,Black | Brown | White | Navy
4491,https://aff.ven-door.com/product/4491,Tommy Embroidered Tee,Black | White | Navy
5171,https://aff.ven-door.com/product/5171,Dual Tone Couple Link Bracelet Set,
4974,https://aff.ven-door.com/product/4974,Men’s Genuine Leather Medical Slippers,Black | Gray | Brown | Camouflage Green | Beige | Mango
5149,https://aff.ven-door.com/product/5149,Prada Women’s Adjustable Shoulder Bag,Black | Havan | Navy | Red | Gray | Purple
5170,https://aff.ven-door.com/product/5170,Elegant Rose Necklace,White | Black | Gold
5169,https://aff.ven-door.com/product/5169,Stainless Steel Dual-Face Necklace,Black & White Dual-Face
5236,https://aff.ven-door.com/product/5236,Nike Mule Men & Women,Black | Gray | Pistachio | Cocoa | Mango
5074,https://aff.ven-door.com/product/5074,EVA Sole Boss Slip-On Shoes,Olive×Black | Navy×Black | Black×Black | Gray×Black
4517,https://aff.ven-door.com/product/4517,Tommy Winter Long Sleeve Casual T-Shirt,White | Black | Navy | Green | Red | Silver
3400,https://aff.ven-door.com/product/3400,Men's Comfort Scotch Sandals,بني | اسود | ييج | رصاصي | منجاوي | كموني
5316,https://aff.ven-door.com/product/5316,ZARA Slip-On Summer Shoes,Black | Yellow | Blue | Stars | Off-White | Beige Striped
4448,https://aff.ven-door.com/product/4448,Adidas Men’s Lightweight Sneakers,Navy | Gray | Black
5167,https://aff.ven-door.com/product/5167,YSL-Inspired Stainless Steel Bracelet – Women,Gold
5166,https://aff.ven-door.com/product/5166,Rolex-Inspired Stainless Steel Bracelet,Gold
5333,https://aff.ven-door.com/product/5333,Men’s Adidas Lightweight Running Shoes,White × Olive | White × Blue | Black
5332,https://aff.ven-door.com/product/5332,Men’s Nike Lightweight Running Shoes,White with Black Sole | Black with White Sole | White with Grey Sole
5154,https://aff.ven-door.com/product/5154,Women’s Stainless Steel Nail Bracelet,Gold 18 | Gold 20
5334,https://aff.ven-door.com/product/5334,Women’s Puma Comfort Sneakers,Burgundy × Olive × Beige | Burgundy × Navy | White × Black
5490,https://aff.ven-door.com/product/5490,Tommy Men’s Everyday Sneaker,White | Gray | Navy
5219,https://aff.ven-door.com/product/5219,GANT Oxford Shirt – Classic Fit,White | Black | Light Blue | Navy
5218,https://aff.ven-door.com/product/5218,Oxford Polo Shirt – Premium Fit,White | Black | Light Blue | Navy
4898,https://aff.ven-door.com/product/4898,Premium Men’s Leather Comfort Sandal,Black | Grey | Brown | Beige | Camel
5161,https://aff.ven-door.com/product/5161,Lucky & Heart Gold-Plated Necklace,
5160,https://aff.ven-door.com/product/5160,Sun Pendant Stainless Steel Necklace,
5235,https://aff.ven-door.com/product/5235,Girls’ Imported EVA Crocs,Fuchsia | Light Pink | Mint
5234,https://aff.ven-door.com/product/5234,NIKE Air Zoom Lightweight Sneakers,White | Black | Blue
4897,https://aff.ven-door.com/product/4897,Prada Men’s Genuine Leather Toe Slippers,Black | Gray | Brown | Beige | Camel
4253,https://aff.ven-door.com/product/4253,Kids Scuba Pants,White | Black | Navy | Dark Gray
5214,https://aff.ven-door.com/product/5214,AMR Diab Off White Cotton Shirt,Off White
5073,https://aff.ven-door.com/product/5073,Kan 14 Comfort Flex Shoes,Navy | Black | Gray
5225,https://aff.ven-door.com/product/5225,KEENSK Comfort Slides for Women,Black | White | Mint Green | Beige
5155,https://aff.ven-door.com/product/5155,Eternal Shine Stainless Bracelet,Gold
5159,https://aff.ven-door.com/product/5159,Embrace Pendant – Unisex Stainless Steel Necklace,Gold x Silver
5157,https://aff.ven-door.com/product/5157,Herringbone Snake Chain Necklace,Gold
5153,https://aff.ven-door.com/product/5153,Chain Necklace – Stainless Steel,Gold
5152,https://aff.ven-door.com/product/5152,Ayat Al-Kursi Necklace – Unisex,Gold
5150,https://aff.ven-door.com/product/5150,Heart Pendant Necklace,Gold
3346,https://aff.ven-door.com/product/3346,Tommy Modern Casual Pants,White | Black | Navy | Dark Gray
3347,https://aff.ven-door.com/product/3347,Tommy Modern Casual Pants,White | Black | Navy | Dark Gray
5217,https://aff.ven-door.com/product/5217,ZARA Jacquard Pants,White | Black
5072,https://aff.ven-door.com/product/5072,FlexiStep Orthopedic Sneakers,Gray × Pink | Black × Yellow | Navy
5130,https://aff.ven-door.com/product/5130,ErgoStep Leather Shoes – Everyday Comfort & Support,Black | Brown
5131,https://aff.ven-door.com/product/5131,Men’s Lightweight Leather Comfort Shoes,Black | Brown
5071,https://aff.ven-door.com/product/5071,Skechers Kan11 Lifestyle Trainers,Navy | Black | Grey
5215,https://aff.ven-door.com/product/5215,Amr Diab Signature Off-White Chemise,Off White
5125,https://aff.ven-door.com/product/5125,Adidas Aqua Comfort Footwear,Black | White | Gray | Beige | Navy
5878,https://aff.ven-door.com/product/5878,Premium Hand-Stitched Leather Slippers,Black | Brown | Grey | Beige | Mango | Camel
5472,https://aff.ven-door.com/product/5472,Classic Comfort Men’s Leather Sandals,Black | Brown | Havan
5473,https://aff.ven-door.com/product/5473,Urban Classic – Genuine Leather Men’s Slip-On,Black | Havan
5474,https://aff.ven-door.com/product/5474,Sapo HORSE – Genuine Leather Everyday Slip-On,Black | Havan
5216,https://aff.ven-door.com/product/5216,Cotton T-Shirt – Premium Summer Comfort,White With Blue Logo | White With Red Logo
5212,https://aff.ven-door.com/product/5212,ZARA Men’s Set – T-Shirt & Shorts,White | Black
3890,https://aff.ven-door.com/product/3890,FlexEase Men’s Foam Clogs,Gray | Black | Navy
3891,https://aff.ven-door.com/product/3891,AeroStep Men’s Foam Sneakers,Black | Navy | Gray
5466,https://aff.ven-door.com/product/5466,Premium Shoes for Men,Brown | Navy | Black | Gray
5262,https://aff.ven-door.com/product/5262,Kids’ Summer EVA Sandals-2 || Kids’ Summer EVA Sandals,Red | Yellow | Blue | Pink | Turquoise | White | Cocoa | Pistachio | Cashmere
5115,https://aff.ven-door.com/product/5115,Breathable Knit Shoes for Men,White | Gray | Black
5318,https://aff.ven-door.com/product/5318,Imported Sky Leather Shoes,White | Black * White
5109,https://aff.ven-door.com/product/5109,Trendy Cotton Set,Black | White | Yellow
3799,https://aff.ven-door.com/product/3799,"3-Piece Soft Lounge Set – Bralette, Shorts & Panty",Red | Olive Green | Black | Yellow
5069,https://aff.ven-door.com/product/5069,FlexiStep Medical Sneakers,Black | Navy | Gray
5191,https://aff.ven-door.com/product/5191,Comfort Fit Ribbed Pants,Black | Navy | Petrol Blue | Beige | Blue
5349,https://aff.ven-door.com/product/5349,Elegance and Comfort Shoes,Black | White | White × Mauve | White × Rose | Rose
3142,https://aff.ven-door.com/product/3142,Daily Flex Pants,Black | White | Beige | Navy | Mint Green | Silver | Light Gray | Dark Gray | Petrol | Olive Green | Blue | Pepsi
3143,https://aff.ven-door.com/product/3143,Daily Flex Pants,Black | White | Beige | Navy | Mint Green | Silver | Light Gray | Dark Gray | Petrol | Olive Green | Blue | Pepsi
3161,https://aff.ven-door.com/product/3161,Women's Samba Style Sneakers,Gold | Silver with White Stripes
3160,https://aff.ven-door.com/product/3160,Women's Classic Style Sneakers,White with Silver | White with Pink | White with Red | White with Green | White with Gold | White with Black | Black with White
3043,https://aff.ven-door.com/product/3043,Neon Style Comfort Sneakers,Neon Yellow
4930,https://aff.ven-door.com/product/4930,Leather Shoes with Pure Rubber,Black | Brown | Havan | Gray
3601,https://aff.ven-door.com/product/3601,Elegant Femme Set,Red | White | Baby Blue | Black | Dusty Rose
2319,https://aff.ven-door.com/product/2319,Chic Comfort – Two-Piece Lingerie Set,Black
3610,https://aff.ven-door.com/product/3610,Everyday Glow Set,White&Pink
3611,https://aff.ven-door.com/product/3611,Chic Flex Set – Stylish Cotton Shorts & Top,White&Brown
3614,https://aff.ven-door.com/product/3614,Cozy Chic Duo – Cotton Blend Loungewear Set,Black
5230,https://aff.ven-door.com/product/5230,Keensk  Slippers for Women,Black | Yellow | Cashmere | Blue | Turquoise | White
5231,https://aff.ven-door.com/product/5231,Trendy Candy Slipper,Beige | Pink | Mint Green | Fuchsia | White | Mouve | Black | Pistachio
3744,https://aff.ven-door.com/product/3744,Fresca Cotton Set for Kids,Pink | Kiwi Green | Baby Blue | Beige
3769,https://aff.ven-door.com/product/3769,Trendy Striped Pants,Black | White | Gray | Olive
